<emp_data>
    <emp id="sr01">
        <name>shankar</name>
        <skills>python</skills>
        <salary>500000</salary>
    </emp>
    <emp id="sr02">
        <name>ramesh</name>
        <skills>django</skills>
        <salary>510000</salary>
    </emp>
    <emp id="sr03">
        <name>siva</name>
        <skills>mysql</skills>
        <salary>450000</salary>
    </emp>
    <emp id="sr04">
        <name>ravi</name>
        <skills>unix</skills>
        <salary>460000</salary>
    </emp>
</emp_data>

