{
   "abstract" : "Interface to Gnome libxml2 xml parsing and DOM library",
   "author" : [
      "Petr Pajas"
   ],
   "dynamic_config" : 1,
   "generated_by" : "ExtUtils::MakeMaker version 7.0402, CPAN::Meta::Converter version 2.150001",
   "keywords" : [
      "dom",
      "html",
      "libxml",
      "object oriented",
      "oop",
      "parse",
      "parser",
      "parsing",
      "pullparser",
      "sax",
      "sgml",
      "xml",
      "xpath",
      "XPath",
      "xs"
   ],
   "license" : [
      "perl_5"
   ],
   "meta-spec" : {
      "url" : "http://search.cpan.org/perldoc?CPAN::Meta::Spec",
      "version" : "2"
   },
   "name" : "XML-LibXML",
   "no_index" : {
      "directory" : [
         "t",
         "inc"
      ]
   },
   "prereqs" : {
      "build" : {
         "requires" : {
            "ExtUtils::MakeMaker" : "0"
         }
      },
      "configure" : {
         "requires" : {
            "ExtUtils::MakeMaker" : "0"
         }
      },
      "runtime" : {
         "requires" : {
            "Test::More" : "0",
            "XML::NamespaceSupport" : "1.07",
            "XML::SAX" : "0.11",
            "XML::SAX::Base" : "0",
            "XML::SAX::Exception" : "0",
            "base" : "0",
            "parent" : "0",
            "perl" : "5.008",
            "strict" : "0",
            "vars" : "0",
            "warnings" : "0"
         }
      }
   },
   "release_status" : "stable",
   "resources" : {
      "homepage" : "https://github.com/shlomif/perl-XML-LibXML",
      "repository" : {
         "url" : "https://github.com/shlomif/perl-XML-LibXML"
      }
   },
   "version" : "2.0129"
}
